"start_codon","n","TIS","percentage"
"AUC",81,"alt. TIS Hör et al. 2022",0.0835913312693498
"AUG",388,"alt. TIS Hör et al. 2022",0.400412796697626
"AUU",146,"alt. TIS Hör et al. 2022",0.150670794633643
"CUG",106,"alt. TIS Hör et al. 2022",0.109391124871001
"GUG",153,"alt. TIS Hör et al. 2022",0.157894736842105
"UUG",95,"alt. TIS Hör et al. 2022",0.0980392156862745
"AUC",3,"annotated TIS",0.000683994528043776
"AUG",3841,"annotated TIS",0.875740994072047
"AUU",8,"annotated TIS",0.00182398540811674
"CUG",6,"annotated TIS",0.00136798905608755
"GUG",329,"annotated TIS",0.0750113999088007
"UUG",78,"annotated TIS",0.0177838577291382
"AUC",38,"alt. TIS Meydan et al. 2022",0.0898345153664303
"AUG",193,"alt. TIS Meydan et al. 2022",0.456264775413712
"AUU",33,"alt. TIS Meydan et al. 2022",0.0780141843971631
"CUG",25,"alt. TIS Meydan et al. 2022",0.0591016548463357
"GUG",57,"alt. TIS Meydan et al. 2022",0.134751773049645
"UUG",77,"alt. TIS Meydan et al. 2022",0.182033096926714
