"","Control_R1","Control_R2","Control_R3","Control_R4","Control_R5"
"Control_R1",1,0.984378713517234,0.990651376595001,0.981159742589127,0.982025767875149
"Control_R2",0.984378713517234,1,0.978229481505295,0.993031327942138,0.994014481260925
"Control_R3",0.990651376595001,0.978229481505295,1,0.981138179294913,0.980881189659616
"Control_R4",0.981159742589127,0.993031327942138,0.981138179294913,1,0.998094632382442
"Control_R5",0.982025767875149,0.994014481260925,0.980881189659616,0.998094632382442,1
