"","Control_R1","Control_R2","Control_R3","Control_R4","Control_R5"
"Control_R1",1,0.988242999882034,0.990253230793409,0.98180489888802,0.982885807514061
"Control_R2",0.988242999882034,1,0.986668950887074,0.993679299395984,0.992575378833432
"Control_R3",0.990253230793409,0.986668950887074,1,0.985944317057693,0.984672650349861
"Control_R4",0.98180489888802,0.993679299395984,0.985944317057693,1,0.995380956594974
"Control_R5",0.982885807514061,0.992575378833432,0.984672650349861,0.995380956594974,1
